--
-- PostgreSQL database dump
--

-- Dumped from database version 14.6
-- Dumped by pg_dump version 14.6

SET statement_timeout = 0;
SET lock_timeout = 0;
SET idle_in_transaction_session_timeout = 0;
SET client_encoding = 'UTF8';
SET standard_conforming_strings = on;
SELECT pg_catalog.set_config('search_path', '', false);
SET check_function_bodies = false;
SET xmloption = content;
SET client_min_messages = warning;
SET row_security = off;

SET default_tablespace = '';

SET default_table_access_method = heap;

--
-- Name: auth_group; Type: TABLE; Schema: public; Owner: user
--

CREATE TABLE public.auth_group (
    id integer NOT NULL,
    name character varying(150) NOT NULL
);


ALTER TABLE public.auth_group OWNER TO "user";

--
-- Name: auth_group_id_seq; Type: SEQUENCE; Schema: public; Owner: user
--

ALTER TABLE public.auth_group ALTER COLUMN id ADD GENERATED BY DEFAULT AS IDENTITY (
    SEQUENCE NAME public.auth_group_id_seq
    START WITH 1
    INCREMENT BY 1
    NO MINVALUE
    NO MAXVALUE
    CACHE 1
);


--
-- Name: auth_group_permissions; Type: TABLE; Schema: public; Owner: user
--

CREATE TABLE public.auth_group_permissions (
    id bigint NOT NULL,
    group_id integer NOT NULL,
    permission_id integer NOT NULL
);


ALTER TABLE public.auth_group_permissions OWNER TO "user";

--
-- Name: auth_group_permissions_id_seq; Type: SEQUENCE; Schema: public; Owner: user
--

ALTER TABLE public.auth_group_permissions ALTER COLUMN id ADD GENERATED BY DEFAULT AS IDENTITY (
    SEQUENCE NAME public.auth_group_permissions_id_seq
    START WITH 1
    INCREMENT BY 1
    NO MINVALUE
    NO MAXVALUE
    CACHE 1
);


--
-- Name: auth_permission; Type: TABLE; Schema: public; Owner: user
--

CREATE TABLE public.auth_permission (
    id integer NOT NULL,
    name character varying(255) NOT NULL,
    content_type_id integer NOT NULL,
    codename character varying(100) NOT NULL
);


ALTER TABLE public.auth_permission OWNER TO "user";

--
-- Name: auth_permission_id_seq; Type: SEQUENCE; Schema: public; Owner: user
--

ALTER TABLE public.auth_permission ALTER COLUMN id ADD GENERATED BY DEFAULT AS IDENTITY (
    SEQUENCE NAME public.auth_permission_id_seq
    START WITH 1
    INCREMENT BY 1
    NO MINVALUE
    NO MAXVALUE
    CACHE 1
);


--
-- Name: auth_user; Type: TABLE; Schema: public; Owner: user
--

CREATE TABLE public.auth_user (
    id integer NOT NULL,
    password character varying(128) NOT NULL,
    last_login timestamp with time zone,
    is_superuser boolean NOT NULL,
    username character varying(150) NOT NULL,
    first_name character varying(150) NOT NULL,
    last_name character varying(150) NOT NULL,
    email character varying(254) NOT NULL,
    is_staff boolean NOT NULL,
    is_active boolean NOT NULL,
    date_joined timestamp with time zone NOT NULL
);


ALTER TABLE public.auth_user OWNER TO "user";

--
-- Name: auth_user_groups; Type: TABLE; Schema: public; Owner: user
--

CREATE TABLE public.auth_user_groups (
    id bigint NOT NULL,
    user_id integer NOT NULL,
    group_id integer NOT NULL
);


ALTER TABLE public.auth_user_groups OWNER TO "user";

--
-- Name: auth_user_groups_id_seq; Type: SEQUENCE; Schema: public; Owner: user
--

ALTER TABLE public.auth_user_groups ALTER COLUMN id ADD GENERATED BY DEFAULT AS IDENTITY (
    SEQUENCE NAME public.auth_user_groups_id_seq
    START WITH 1
    INCREMENT BY 1
    NO MINVALUE
    NO MAXVALUE
    CACHE 1
);


--
-- Name: auth_user_id_seq; Type: SEQUENCE; Schema: public; Owner: user
--

ALTER TABLE public.auth_user ALTER COLUMN id ADD GENERATED BY DEFAULT AS IDENTITY (
    SEQUENCE NAME public.auth_user_id_seq
    START WITH 1
    INCREMENT BY 1
    NO MINVALUE
    NO MAXVALUE
    CACHE 1
);


--
-- Name: auth_user_user_permissions; Type: TABLE; Schema: public; Owner: user
--

CREATE TABLE public.auth_user_user_permissions (
    id bigint NOT NULL,
    user_id integer NOT NULL,
    permission_id integer NOT NULL
);


ALTER TABLE public.auth_user_user_permissions OWNER TO "user";

--
-- Name: auth_user_user_permissions_id_seq; Type: SEQUENCE; Schema: public; Owner: user
--

ALTER TABLE public.auth_user_user_permissions ALTER COLUMN id ADD GENERATED BY DEFAULT AS IDENTITY (
    SEQUENCE NAME public.auth_user_user_permissions_id_seq
    START WITH 1
    INCREMENT BY 1
    NO MINVALUE
    NO MAXVALUE
    CACHE 1
);


--
-- Name: django_admin_log; Type: TABLE; Schema: public; Owner: user
--

CREATE TABLE public.django_admin_log (
    id integer NOT NULL,
    action_time timestamp with time zone NOT NULL,
    object_id text,
    object_repr character varying(200) NOT NULL,
    action_flag smallint NOT NULL,
    change_message text NOT NULL,
    content_type_id integer,
    user_id integer NOT NULL,
    CONSTRAINT django_admin_log_action_flag_check CHECK ((action_flag >= 0))
);


ALTER TABLE public.django_admin_log OWNER TO "user";

--
-- Name: django_admin_log_id_seq; Type: SEQUENCE; Schema: public; Owner: user
--

ALTER TABLE public.django_admin_log ALTER COLUMN id ADD GENERATED BY DEFAULT AS IDENTITY (
    SEQUENCE NAME public.django_admin_log_id_seq
    START WITH 1
    INCREMENT BY 1
    NO MINVALUE
    NO MAXVALUE
    CACHE 1
);


--
-- Name: django_content_type; Type: TABLE; Schema: public; Owner: user
--

CREATE TABLE public.django_content_type (
    id integer NOT NULL,
    app_label character varying(100) NOT NULL,
    model character varying(100) NOT NULL
);


ALTER TABLE public.django_content_type OWNER TO "user";

--
-- Name: django_content_type_id_seq; Type: SEQUENCE; Schema: public; Owner: user
--

ALTER TABLE public.django_content_type ALTER COLUMN id ADD GENERATED BY DEFAULT AS IDENTITY (
    SEQUENCE NAME public.django_content_type_id_seq
    START WITH 1
    INCREMENT BY 1
    NO MINVALUE
    NO MAXVALUE
    CACHE 1
);


--
-- Name: django_migrations; Type: TABLE; Schema: public; Owner: user
--

CREATE TABLE public.django_migrations (
    id bigint NOT NULL,
    app character varying(255) NOT NULL,
    name character varying(255) NOT NULL,
    applied timestamp with time zone NOT NULL
);


ALTER TABLE public.django_migrations OWNER TO "user";

--
-- Name: django_migrations_id_seq; Type: SEQUENCE; Schema: public; Owner: user
--

ALTER TABLE public.django_migrations ALTER COLUMN id ADD GENERATED BY DEFAULT AS IDENTITY (
    SEQUENCE NAME public.django_migrations_id_seq
    START WITH 1
    INCREMENT BY 1
    NO MINVALUE
    NO MAXVALUE
    CACHE 1
);


--
-- Name: django_session; Type: TABLE; Schema: public; Owner: user
--

CREATE TABLE public.django_session (
    session_key character varying(40) NOT NULL,
    session_data text NOT NULL,
    expire_date timestamp with time zone NOT NULL
);


ALTER TABLE public.django_session OWNER TO "user";

--
-- Name: menu_menu; Type: TABLE; Schema: public; Owner: user
--

CREATE TABLE public.menu_menu (
    id bigint NOT NULL,
    title character varying(50) NOT NULL
);


ALTER TABLE public.menu_menu OWNER TO "user";

--
-- Name: menu_menu_id_seq; Type: SEQUENCE; Schema: public; Owner: user
--

ALTER TABLE public.menu_menu ALTER COLUMN id ADD GENERATED BY DEFAULT AS IDENTITY (
    SEQUENCE NAME public.menu_menu_id_seq
    START WITH 1
    INCREMENT BY 1
    NO MINVALUE
    NO MAXVALUE
    CACHE 1
);


--
-- Name: menu_menuitem; Type: TABLE; Schema: public; Owner: user
--

CREATE TABLE public.menu_menuitem (
    id bigint NOT NULL,
    title character varying(100) NOT NULL,
    url character varying(200) NOT NULL,
    named_url character varying(200) NOT NULL,
    "order" integer NOT NULL,
    menu_id bigint NOT NULL,
    parent_id bigint,
    CONSTRAINT menu_menuitem_order_check CHECK (("order" >= 0))
);


ALTER TABLE public.menu_menuitem OWNER TO "user";

--
-- Name: menu_menuitem_id_seq; Type: SEQUENCE; Schema: public; Owner: user
--

ALTER TABLE public.menu_menuitem ALTER COLUMN id ADD GENERATED BY DEFAULT AS IDENTITY (
    SEQUENCE NAME public.menu_menuitem_id_seq
    START WITH 1
    INCREMENT BY 1
    NO MINVALUE
    NO MAXVALUE
    CACHE 1
);


--
-- Data for Name: auth_group; Type: TABLE DATA; Schema: public; Owner: user
--

COPY public.auth_group (id, name) FROM stdin;
\.


--
-- Data for Name: auth_group_permissions; Type: TABLE DATA; Schema: public; Owner: user
--

COPY public.auth_group_permissions (id, group_id, permission_id) FROM stdin;
\.


--
-- Data for Name: auth_permission; Type: TABLE DATA; Schema: public; Owner: user
--

COPY public.auth_permission (id, name, content_type_id, codename) FROM stdin;
1	Can add log entry	1	add_logentry
2	Can change log entry	1	change_logentry
3	Can delete log entry	1	delete_logentry
4	Can view log entry	1	view_logentry
5	Can add permission	2	add_permission
6	Can change permission	2	change_permission
7	Can delete permission	2	delete_permission
8	Can view permission	2	view_permission
9	Can add group	3	add_group
10	Can change group	3	change_group
11	Can delete group	3	delete_group
12	Can view group	3	view_group
13	Can add user	4	add_user
14	Can change user	4	change_user
15	Can delete user	4	delete_user
16	Can view user	4	view_user
17	Can add content type	5	add_contenttype
18	Can change content type	5	change_contenttype
19	Can delete content type	5	delete_contenttype
20	Can view content type	5	view_contenttype
21	Can add session	6	add_session
22	Can change session	6	change_session
23	Can delete session	6	delete_session
24	Can view session	6	view_session
25	Can add Меню	7	add_menu
26	Can change Меню	7	change_menu
27	Can delete Меню	7	delete_menu
28	Can view Меню	7	view_menu
29	Can add Пункт меню	8	add_menuitem
30	Can change Пункт меню	8	change_menuitem
31	Can delete Пункт меню	8	delete_menuitem
32	Can view Пункт меню	8	view_menuitem
\.


--
-- Data for Name: auth_user; Type: TABLE DATA; Schema: public; Owner: user
--

COPY public.auth_user (id, password, last_login, is_superuser, username, first_name, last_name, email, is_staff, is_active, date_joined) FROM stdin;
1	pbkdf2_sha256$600000$UIKqxL8vgklIomCq6MDy7B$NmMUpD5KkfNwW8uQu80sCQey18botUUH54NRph9S+oU=	2025-04-25 19:57:50.775897+00	t	admin				t	t	2025-04-25 19:57:44.90983+00
\.


--
-- Data for Name: auth_user_groups; Type: TABLE DATA; Schema: public; Owner: user
--

COPY public.auth_user_groups (id, user_id, group_id) FROM stdin;
\.


--
-- Data for Name: auth_user_user_permissions; Type: TABLE DATA; Schema: public; Owner: user
--

COPY public.auth_user_user_permissions (id, user_id, permission_id) FROM stdin;
\.


--
-- Data for Name: django_admin_log; Type: TABLE DATA; Schema: public; Owner: user
--

COPY public.django_admin_log (id, action_time, object_id, object_repr, action_flag, change_message, content_type_id, user_id) FROM stdin;
1	2025-04-25 20:01:04.599751+00	1	ma	1	[{"added": {}}]	7	1
2	2025-04-25 20:01:10.944192+00	1	ma	3		7	1
3	2025-04-25 20:01:19.347507+00	2	main_menu	1	[{"added": {}}]	7	1
4	2025-04-25 20:02:39.154202+00	1	Главная	1	[{"added": {}}]	8	1
5	2025-04-25 20:03:21.502901+00	2	Каталог	1	[{"added": {}}]	8	1
6	2025-04-25 20:03:59.996002+00	1	Главная	2	[{"changed": {"fields": ["\\u042f\\u0432\\u043d\\u044b\\u0439 URL"]}}]	8	1
7	2025-04-25 20:04:31.735275+00	1	Главная	2	[{"changed": {"fields": ["\\u042f\\u0432\\u043d\\u044b\\u0439 URL", "\\u0418\\u043c\\u0435\\u043d\\u043e\\u0432\\u0430\\u043d\\u043d\\u044b\\u0439 URL"]}}]	8	1
8	2025-04-26 05:24:47.158546+00	3	Телефоны	1	[{"added": {}}]	8	1
9	2025-04-26 05:25:00.803106+00	4	Смартфоны	1	[{"added": {}}]	8	1
10	2025-04-26 05:29:12.655074+00	5	О нас	1	[{"added": {}}]	8	1
11	2025-04-26 05:30:12.267248+00	2	Каталог	2	[{"changed": {"fields": ["\\u0420\\u043e\\u0434\\u0438\\u0442\\u0435\\u043b\\u044c\\u0441\\u043a\\u0438\\u0439 \\u043f\\u0443\\u043d\\u043a\\u0442 \\u043c\\u0435\\u043d\\u044e"]}}]	8	1
12	2025-04-26 05:33:37.312764+00	6	Контакты	1	[{"added": {}}]	8	1
13	2025-04-26 05:34:34.753314+00	6	Контакты	2	[{"changed": {"fields": ["\\u0418\\u043c\\u0435\\u043d\\u043e\\u0432\\u0430\\u043d\\u043d\\u044b\\u0439 URL"]}}]	8	1
14	2025-04-26 05:38:04.886253+00	3	Телефоны	2	[{"changed": {"fields": ["\\u0418\\u043c\\u0435\\u043d\\u043e\\u0432\\u0430\\u043d\\u043d\\u044b\\u0439 URL"]}}]	8	1
15	2025-04-26 05:40:08.880991+00	4	Телевизоры	2	[{"changed": {"fields": ["\\u041d\\u0430\\u0437\\u0432\\u0430\\u043d\\u0438\\u0435"]}}]	8	1
16	2025-04-26 05:40:51.320737+00	7	Кнопочные	1	[{"added": {}}]	8	1
17	2025-04-26 06:09:33.284012+00	1	Главная	2	[{"changed": {"fields": ["\\u041f\\u043e\\u0440\\u044f\\u0434\\u043e\\u043a \\u0432\\u044b\\u0432\\u043e\\u0434\\u0430"]}}]	8	1
18	2025-04-26 06:09:40.266911+00	5	О нас	2	[{"changed": {"fields": ["\\u041f\\u043e\\u0440\\u044f\\u0434\\u043e\\u043a \\u0432\\u044b\\u0432\\u043e\\u0434\\u0430"]}}]	8	1
19	2025-04-26 06:09:43.870311+00	5	О нас	2	[{"changed": {"fields": ["\\u041f\\u043e\\u0440\\u044f\\u0434\\u043e\\u043a \\u0432\\u044b\\u0432\\u043e\\u0434\\u0430"]}}]	8	1
20	2025-04-26 06:09:49.77382+00	2	Каталог	2	[{"changed": {"fields": ["\\u041f\\u043e\\u0440\\u044f\\u0434\\u043e\\u043a \\u0432\\u044b\\u0432\\u043e\\u0434\\u0430"]}}]	8	1
21	2025-04-26 06:09:55.665189+00	6	Контакты	2	[{"changed": {"fields": ["\\u041f\\u043e\\u0440\\u044f\\u0434\\u043e\\u043a \\u0432\\u044b\\u0432\\u043e\\u0434\\u0430"]}}]	8	1
22	2025-04-26 06:14:44.718058+00	8	Смартфоны	1	[{"added": {}}]	8	1
23	2025-04-26 06:14:51.142232+00	7	Кнопочные	2	[{"changed": {"fields": ["\\u041f\\u043e\\u0440\\u044f\\u0434\\u043e\\u043a \\u0432\\u044b\\u0432\\u043e\\u0434\\u0430"]}}]	8	1
24	2025-04-26 06:22:25.003043+00	4	Телевизоры	2	[{"changed": {"fields": ["\\u0418\\u043c\\u0435\\u043d\\u043e\\u0432\\u0430\\u043d\\u043d\\u044b\\u0439 URL"]}}]	8	1
25	2025-04-26 06:23:38.84026+00	9	QLED	1	[{"added": {}}]	8	1
26	2025-04-26 06:23:54.945422+00	10	OLED	1	[{"added": {}}]	8	1
\.


--
-- Data for Name: django_content_type; Type: TABLE DATA; Schema: public; Owner: user
--

COPY public.django_content_type (id, app_label, model) FROM stdin;
1	admin	logentry
2	auth	permission
3	auth	group
4	auth	user
5	contenttypes	contenttype
6	sessions	session
7	menu	menu
8	menu	menuitem
\.


--
-- Data for Name: django_migrations; Type: TABLE DATA; Schema: public; Owner: user
--

COPY public.django_migrations (id, app, name, applied) FROM stdin;
1	contenttypes	0001_initial	2025-04-25 19:57:14.290992+00
2	auth	0001_initial	2025-04-25 19:57:14.460443+00
3	admin	0001_initial	2025-04-25 19:57:14.500191+00
4	admin	0002_logentry_remove_auto_add	2025-04-25 19:57:14.50666+00
5	admin	0003_logentry_add_action_flag_choices	2025-04-25 19:57:14.512888+00
6	contenttypes	0002_remove_content_type_name	2025-04-25 19:57:14.522584+00
7	auth	0002_alter_permission_name_max_length	2025-04-25 19:57:14.529653+00
8	auth	0003_alter_user_email_max_length	2025-04-25 19:57:14.536272+00
9	auth	0004_alter_user_username_opts	2025-04-25 19:57:14.542074+00
10	auth	0005_alter_user_last_login_null	2025-04-25 19:57:14.548209+00
11	auth	0006_require_contenttypes_0002	2025-04-25 19:57:14.551365+00
12	auth	0007_alter_validators_add_error_messages	2025-04-25 19:57:14.557638+00
13	auth	0008_alter_user_username_max_length	2025-04-25 19:57:14.572587+00
14	auth	0009_alter_user_last_name_max_length	2025-04-25 19:57:14.57909+00
15	auth	0010_alter_group_name_max_length	2025-04-25 19:57:14.586719+00
16	auth	0011_update_proxy_permissions	2025-04-25 19:57:14.592472+00
17	auth	0012_alter_user_first_name_max_length	2025-04-25 19:57:14.599117+00
18	menu	0001_initial	2025-04-25 19:57:14.657486+00
19	sessions	0001_initial	2025-04-25 19:57:14.702155+00
\.


--
-- Data for Name: django_session; Type: TABLE DATA; Schema: public; Owner: user
--

COPY public.django_session (session_key, session_data, expire_date) FROM stdin;
s746j85j1xhwxt9b4cmt23tbx1ba1xf3	.eJxVjEsOwjAMRO-SNYrspJ-UJfueobITmxRQI_WzQtydVuoCNLt5b-ZtBtrWPGyLzMOYzNWgufx2TPEp0wHSg6Z7sbFM6zyyPRR70sX2Jcnrdrp_B5mWvK8dVexbD6BhDwBC0wVB71RcTYKKGrXu9jSxlYYqVIY2sDDGukvBfL7SKTfX:1u8PBG:V1CkBxd7cCtMYBwc7zMle6c0WqXO8tn4d1_Rjo6tWfE	2025-05-09 19:57:50.778888+00
\.


--
-- Data for Name: menu_menu; Type: TABLE DATA; Schema: public; Owner: user
--

COPY public.menu_menu (id, title) FROM stdin;
2	main_menu
\.


--
-- Data for Name: menu_menuitem; Type: TABLE DATA; Schema: public; Owner: user
--

COPY public.menu_menuitem (id, title, url, named_url, "order", menu_id, parent_id) FROM stdin;
3	Телефоны		menu:phones_page	1	2	2
1	Главная		menu:index_page	1	2	\N
5	О нас		menu:about_page	2	2	\N
2	Каталог	/catalog		3	2	\N
6	Контакты		menu:contacts_page	4	2	\N
8	Смартфоны			2	2	3
7	Кнопочные			1	2	3
4	Телевизоры		menu:tvs_page	2	2	2
9	QLED			1	2	4
10	OLED			2	2	4
\.


--
-- Name: auth_group_id_seq; Type: SEQUENCE SET; Schema: public; Owner: user
--

SELECT pg_catalog.setval('public.auth_group_id_seq', 1, false);


--
-- Name: auth_group_permissions_id_seq; Type: SEQUENCE SET; Schema: public; Owner: user
--

SELECT pg_catalog.setval('public.auth_group_permissions_id_seq', 1, false);


--
-- Name: auth_permission_id_seq; Type: SEQUENCE SET; Schema: public; Owner: user
--

SELECT pg_catalog.setval('public.auth_permission_id_seq', 32, true);


--
-- Name: auth_user_groups_id_seq; Type: SEQUENCE SET; Schema: public; Owner: user
--

SELECT pg_catalog.setval('public.auth_user_groups_id_seq', 1, false);


--
-- Name: auth_user_id_seq; Type: SEQUENCE SET; Schema: public; Owner: user
--

SELECT pg_catalog.setval('public.auth_user_id_seq', 1, true);


--
-- Name: auth_user_user_permissions_id_seq; Type: SEQUENCE SET; Schema: public; Owner: user
--

SELECT pg_catalog.setval('public.auth_user_user_permissions_id_seq', 1, false);


--
-- Name: django_admin_log_id_seq; Type: SEQUENCE SET; Schema: public; Owner: user
--

SELECT pg_catalog.setval('public.django_admin_log_id_seq', 26, true);


--
-- Name: django_content_type_id_seq; Type: SEQUENCE SET; Schema: public; Owner: user
--

SELECT pg_catalog.setval('public.django_content_type_id_seq', 8, true);


--
-- Name: django_migrations_id_seq; Type: SEQUENCE SET; Schema: public; Owner: user
--

SELECT pg_catalog.setval('public.django_migrations_id_seq', 19, true);


--
-- Name: menu_menu_id_seq; Type: SEQUENCE SET; Schema: public; Owner: user
--

SELECT pg_catalog.setval('public.menu_menu_id_seq', 2, true);


--
-- Name: menu_menuitem_id_seq; Type: SEQUENCE SET; Schema: public; Owner: user
--

SELECT pg_catalog.setval('public.menu_menuitem_id_seq', 10, true);


--
-- Name: auth_group auth_group_name_key; Type: CONSTRAINT; Schema: public; Owner: user
--

ALTER TABLE ONLY public.auth_group
    ADD CONSTRAINT auth_group_name_key UNIQUE (name);


--
-- Name: auth_group_permissions auth_group_permissions_group_id_permission_id_0cd325b0_uniq; Type: CONSTRAINT; Schema: public; Owner: user
--

ALTER TABLE ONLY public.auth_group_permissions
    ADD CONSTRAINT auth_group_permissions_group_id_permission_id_0cd325b0_uniq UNIQUE (group_id, permission_id);


--
-- Name: auth_group_permissions auth_group_permissions_pkey; Type: CONSTRAINT; Schema: public; Owner: user
--

ALTER TABLE ONLY public.auth_group_permissions
    ADD CONSTRAINT auth_group_permissions_pkey PRIMARY KEY (id);


--
-- Name: auth_group auth_group_pkey; Type: CONSTRAINT; Schema: public; Owner: user
--

ALTER TABLE ONLY public.auth_group
    ADD CONSTRAINT auth_group_pkey PRIMARY KEY (id);


--
-- Name: auth_permission auth_permission_content_type_id_codename_01ab375a_uniq; Type: CONSTRAINT; Schema: public; Owner: user
--

ALTER TABLE ONLY public.auth_permission
    ADD CONSTRAINT auth_permission_content_type_id_codename_01ab375a_uniq UNIQUE (content_type_id, codename);


--
-- Name: auth_permission auth_permission_pkey; Type: CONSTRAINT; Schema: public; Owner: user
--

ALTER TABLE ONLY public.auth_permission
    ADD CONSTRAINT auth_permission_pkey PRIMARY KEY (id);


--
-- Name: auth_user_groups auth_user_groups_pkey; Type: CONSTRAINT; Schema: public; Owner: user
--

ALTER TABLE ONLY public.auth_user_groups
    ADD CONSTRAINT auth_user_groups_pkey PRIMARY KEY (id);


--
-- Name: auth_user_groups auth_user_groups_user_id_group_id_94350c0c_uniq; Type: CONSTRAINT; Schema: public; Owner: user
--

ALTER TABLE ONLY public.auth_user_groups
    ADD CONSTRAINT auth_user_groups_user_id_group_id_94350c0c_uniq UNIQUE (user_id, group_id);


--
-- Name: auth_user auth_user_pkey; Type: CONSTRAINT; Schema: public; Owner: user
--

ALTER TABLE ONLY public.auth_user
    ADD CONSTRAINT auth_user_pkey PRIMARY KEY (id);


--
-- Name: auth_user_user_permissions auth_user_user_permissions_pkey; Type: CONSTRAINT; Schema: public; Owner: user
--

ALTER TABLE ONLY public.auth_user_user_permissions
    ADD CONSTRAINT auth_user_user_permissions_pkey PRIMARY KEY (id);


--
-- Name: auth_user_user_permissions auth_user_user_permissions_user_id_permission_id_14a6b632_uniq; Type: CONSTRAINT; Schema: public; Owner: user
--

ALTER TABLE ONLY public.auth_user_user_permissions
    ADD CONSTRAINT auth_user_user_permissions_user_id_permission_id_14a6b632_uniq UNIQUE (user_id, permission_id);


--
-- Name: auth_user auth_user_username_key; Type: CONSTRAINT; Schema: public; Owner: user
--

ALTER TABLE ONLY public.auth_user
    ADD CONSTRAINT auth_user_username_key UNIQUE (username);


--
-- Name: django_admin_log django_admin_log_pkey; Type: CONSTRAINT; Schema: public; Owner: user
--

ALTER TABLE ONLY public.django_admin_log
    ADD CONSTRAINT django_admin_log_pkey PRIMARY KEY (id);


--
-- Name: django_content_type django_content_type_app_label_model_76bd3d3b_uniq; Type: CONSTRAINT; Schema: public; Owner: user
--

ALTER TABLE ONLY public.django_content_type
    ADD CONSTRAINT django_content_type_app_label_model_76bd3d3b_uniq UNIQUE (app_label, model);


--
-- Name: django_content_type django_content_type_pkey; Type: CONSTRAINT; Schema: public; Owner: user
--

ALTER TABLE ONLY public.django_content_type
    ADD CONSTRAINT django_content_type_pkey PRIMARY KEY (id);


--
-- Name: django_migrations django_migrations_pkey; Type: CONSTRAINT; Schema: public; Owner: user
--

ALTER TABLE ONLY public.django_migrations
    ADD CONSTRAINT django_migrations_pkey PRIMARY KEY (id);


--
-- Name: django_session django_session_pkey; Type: CONSTRAINT; Schema: public; Owner: user
--

ALTER TABLE ONLY public.django_session
    ADD CONSTRAINT django_session_pkey PRIMARY KEY (session_key);


--
-- Name: menu_menu menu_menu_pkey; Type: CONSTRAINT; Schema: public; Owner: user
--

ALTER TABLE ONLY public.menu_menu
    ADD CONSTRAINT menu_menu_pkey PRIMARY KEY (id);


--
-- Name: menu_menu menu_menu_title_key; Type: CONSTRAINT; Schema: public; Owner: user
--

ALTER TABLE ONLY public.menu_menu
    ADD CONSTRAINT menu_menu_title_key UNIQUE (title);


--
-- Name: menu_menuitem menu_menuitem_pkey; Type: CONSTRAINT; Schema: public; Owner: user
--

ALTER TABLE ONLY public.menu_menuitem
    ADD CONSTRAINT menu_menuitem_pkey PRIMARY KEY (id);


--
-- Name: auth_group_name_a6ea08ec_like; Type: INDEX; Schema: public; Owner: user
--

CREATE INDEX auth_group_name_a6ea08ec_like ON public.auth_group USING btree (name varchar_pattern_ops);


--
-- Name: auth_group_permissions_group_id_b120cbf9; Type: INDEX; Schema: public; Owner: user
--

CREATE INDEX auth_group_permissions_group_id_b120cbf9 ON public.auth_group_permissions USING btree (group_id);


--
-- Name: auth_group_permissions_permission_id_84c5c92e; Type: INDEX; Schema: public; Owner: user
--

CREATE INDEX auth_group_permissions_permission_id_84c5c92e ON public.auth_group_permissions USING btree (permission_id);


--
-- Name: auth_permission_content_type_id_2f476e4b; Type: INDEX; Schema: public; Owner: user
--

CREATE INDEX auth_permission_content_type_id_2f476e4b ON public.auth_permission USING btree (content_type_id);


--
-- Name: auth_user_groups_group_id_97559544; Type: INDEX; Schema: public; Owner: user
--

CREATE INDEX auth_user_groups_group_id_97559544 ON public.auth_user_groups USING btree (group_id);


--
-- Name: auth_user_groups_user_id_6a12ed8b; Type: INDEX; Schema: public; Owner: user
--

CREATE INDEX auth_user_groups_user_id_6a12ed8b ON public.auth_user_groups USING btree (user_id);


--
-- Name: auth_user_user_permissions_permission_id_1fbb5f2c; Type: INDEX; Schema: public; Owner: user
--

CREATE INDEX auth_user_user_permissions_permission_id_1fbb5f2c ON public.auth_user_user_permissions USING btree (permission_id);


--
-- Name: auth_user_user_permissions_user_id_a95ead1b; Type: INDEX; Schema: public; Owner: user
--

CREATE INDEX auth_user_user_permissions_user_id_a95ead1b ON public.auth_user_user_permissions USING btree (user_id);


--
-- Name: auth_user_username_6821ab7c_like; Type: INDEX; Schema: public; Owner: user
--

CREATE INDEX auth_user_username_6821ab7c_like ON public.auth_user USING btree (username varchar_pattern_ops);


--
-- Name: django_admin_log_content_type_id_c4bce8eb; Type: INDEX; Schema: public; Owner: user
--

CREATE INDEX django_admin_log_content_type_id_c4bce8eb ON public.django_admin_log USING btree (content_type_id);


--
-- Name: django_admin_log_user_id_c564eba6; Type: INDEX; Schema: public; Owner: user
--

CREATE INDEX django_admin_log_user_id_c564eba6 ON public.django_admin_log USING btree (user_id);


--
-- Name: django_session_expire_date_a5c62663; Type: INDEX; Schema: public; Owner: user
--

CREATE INDEX django_session_expire_date_a5c62663 ON public.django_session USING btree (expire_date);


--
-- Name: django_session_session_key_c0390e0f_like; Type: INDEX; Schema: public; Owner: user
--

CREATE INDEX django_session_session_key_c0390e0f_like ON public.django_session USING btree (session_key varchar_pattern_ops);


--
-- Name: menu_menu_title_ec032633_like; Type: INDEX; Schema: public; Owner: user
--

CREATE INDEX menu_menu_title_ec032633_like ON public.menu_menu USING btree (title varchar_pattern_ops);


--
-- Name: menu_menuitem_menu_id_f466b139; Type: INDEX; Schema: public; Owner: user
--

CREATE INDEX menu_menuitem_menu_id_f466b139 ON public.menu_menuitem USING btree (menu_id);


--
-- Name: menu_menuitem_parent_id_439f55a5; Type: INDEX; Schema: public; Owner: user
--

CREATE INDEX menu_menuitem_parent_id_439f55a5 ON public.menu_menuitem USING btree (parent_id);


--
-- Name: auth_group_permissions auth_group_permissio_permission_id_84c5c92e_fk_auth_perm; Type: FK CONSTRAINT; Schema: public; Owner: user
--

ALTER TABLE ONLY public.auth_group_permissions
    ADD CONSTRAINT auth_group_permissio_permission_id_84c5c92e_fk_auth_perm FOREIGN KEY (permission_id) REFERENCES public.auth_permission(id) DEFERRABLE INITIALLY DEFERRED;


--
-- Name: auth_group_permissions auth_group_permissions_group_id_b120cbf9_fk_auth_group_id; Type: FK CONSTRAINT; Schema: public; Owner: user
--

ALTER TABLE ONLY public.auth_group_permissions
    ADD CONSTRAINT auth_group_permissions_group_id_b120cbf9_fk_auth_group_id FOREIGN KEY (group_id) REFERENCES public.auth_group(id) DEFERRABLE INITIALLY DEFERRED;


--
-- Name: auth_permission auth_permission_content_type_id_2f476e4b_fk_django_co; Type: FK CONSTRAINT; Schema: public; Owner: user
--

ALTER TABLE ONLY public.auth_permission
    ADD CONSTRAINT auth_permission_content_type_id_2f476e4b_fk_django_co FOREIGN KEY (content_type_id) REFERENCES public.django_content_type(id) DEFERRABLE INITIALLY DEFERRED;


--
-- Name: auth_user_groups auth_user_groups_group_id_97559544_fk_auth_group_id; Type: FK CONSTRAINT; Schema: public; Owner: user
--

ALTER TABLE ONLY public.auth_user_groups
    ADD CONSTRAINT auth_user_groups_group_id_97559544_fk_auth_group_id FOREIGN KEY (group_id) REFERENCES public.auth_group(id) DEFERRABLE INITIALLY DEFERRED;


--
-- Name: auth_user_groups auth_user_groups_user_id_6a12ed8b_fk_auth_user_id; Type: FK CONSTRAINT; Schema: public; Owner: user
--

ALTER TABLE ONLY public.auth_user_groups
    ADD CONSTRAINT auth_user_groups_user_id_6a12ed8b_fk_auth_user_id FOREIGN KEY (user_id) REFERENCES public.auth_user(id) DEFERRABLE INITIALLY DEFERRED;


--
-- Name: auth_user_user_permissions auth_user_user_permi_permission_id_1fbb5f2c_fk_auth_perm; Type: FK CONSTRAINT; Schema: public; Owner: user
--

ALTER TABLE ONLY public.auth_user_user_permissions
    ADD CONSTRAINT auth_user_user_permi_permission_id_1fbb5f2c_fk_auth_perm FOREIGN KEY (permission_id) REFERENCES public.auth_permission(id) DEFERRABLE INITIALLY DEFERRED;


--
-- Name: auth_user_user_permissions auth_user_user_permissions_user_id_a95ead1b_fk_auth_user_id; Type: FK CONSTRAINT; Schema: public; Owner: user
--

ALTER TABLE ONLY public.auth_user_user_permissions
    ADD CONSTRAINT auth_user_user_permissions_user_id_a95ead1b_fk_auth_user_id FOREIGN KEY (user_id) REFERENCES public.auth_user(id) DEFERRABLE INITIALLY DEFERRED;


--
-- Name: django_admin_log django_admin_log_content_type_id_c4bce8eb_fk_django_co; Type: FK CONSTRAINT; Schema: public; Owner: user
--

ALTER TABLE ONLY public.django_admin_log
    ADD CONSTRAINT django_admin_log_content_type_id_c4bce8eb_fk_django_co FOREIGN KEY (content_type_id) REFERENCES public.django_content_type(id) DEFERRABLE INITIALLY DEFERRED;


--
-- Name: django_admin_log django_admin_log_user_id_c564eba6_fk_auth_user_id; Type: FK CONSTRAINT; Schema: public; Owner: user
--

ALTER TABLE ONLY public.django_admin_log
    ADD CONSTRAINT django_admin_log_user_id_c564eba6_fk_auth_user_id FOREIGN KEY (user_id) REFERENCES public.auth_user(id) DEFERRABLE INITIALLY DEFERRED;


--
-- Name: menu_menuitem menu_menuitem_menu_id_f466b139_fk_menu_menu_id; Type: FK CONSTRAINT; Schema: public; Owner: user
--

ALTER TABLE ONLY public.menu_menuitem
    ADD CONSTRAINT menu_menuitem_menu_id_f466b139_fk_menu_menu_id FOREIGN KEY (menu_id) REFERENCES public.menu_menu(id) DEFERRABLE INITIALLY DEFERRED;


--
-- Name: menu_menuitem menu_menuitem_parent_id_439f55a5_fk_menu_menuitem_id; Type: FK CONSTRAINT; Schema: public; Owner: user
--

ALTER TABLE ONLY public.menu_menuitem
    ADD CONSTRAINT menu_menuitem_parent_id_439f55a5_fk_menu_menuitem_id FOREIGN KEY (parent_id) REFERENCES public.menu_menuitem(id) DEFERRABLE INITIALLY DEFERRED;


--
-- PostgreSQL database dump complete
--

